url,date
https://x.com/cafe_nekonosu/status/1900503926757118324,2025-03-14
https://x.com/cafe_nekonosu/status/1902289510781599848,2025-03-19
https://x.com/cafe_nekonosu/status/1896494677026828460,2025-03-03
https://x.com/cafe_nekonosu/status/1894673762039013841,2025-02-26
https://x.com/cafe_nekonosu/status/1892141952910717021,2025-02-19
https://x.com/cafe_nekonosu/status/1890342161318650111,2025-02-14
https://x.com/cafe_nekonosu/status/1886350914472337656,2025-02-03
https://x.com/cafe_nekonosu/status/1882734844830208279,2025-01-24
https://x.com/cafe_nekonosu/status/1879468867715793074,2025-01-15
https://x.com/cafe_nekonosu/status/1877641539821945242,2025-01-10
